<?xml version="1.0"?>
<!--<!DOCTYPE metadata SYSTEM "http://www.esri.com/metadata/esriprof80.dtd">-->
<metadata xml:lang="en"><Esri><CreaDate>20130626</CreaDate><CreaTime>10571500</CreaTime><SyncOnce>FALSE</SyncOnce><SyncDate>20121203</SyncDate><SyncTime>14345400</SyncTime><ModDate>20121203</ModDate><ModTime>14345400</ModTime><DataProperties><lineage><Process ToolSource="C:\Program Files\ArcGIS\ArcToolbox\Toolboxes\Data Management Tools.tbx\Dissolve" Date="20120402" Time="121546">Dissolve TZ_Wards_Edited_2009 "E:\NEW DISTRICTS\WILAYA_MPYA.shp" DISTRICT # MULTI_PART DISSOLVE_LINES</Process><Process ToolSource="C:\Program Files (x86)\ArcGIS\ArcToolbox\Toolboxes\Data Management Tools.tbx\Project" Date="20120618" Time="161714">Project "C:\Users\user\Desktop\TANZANIA NEW REG &amp; DISTRICTS  2012\WILAYA_MPYA.shp" "C:\Users\user\Desktop\TANZANIA NEW REG &amp; DISTRICTS  2012\WILAYA_MPYA_Project3.shp" GEOGCS['GCS_WGS_1984',DATUM['D_WGS_1984',SPHEROID['WGS_1984',6378137.0,298.257223563]],PRIMEM['Greenwich',0.0],UNIT['Degree',0.0174532925199433]] # GEOGCS['GCS_WGS_1984',DATUM['D_WGS_1984',SPHEROID['WGS_1984',6378137.0,298.257223563]],PRIMEM['Greenwich',0.0],UNIT['Degree',0.0174532925199433]]</Process><Process ToolSource="C:\Program Files (x86)\ArcGIS\ArcToolbox\Toolboxes\Data Management Tools.tbx\Merge" Date="20121203" Time="143403">Merge ARUSHA_REGION;DAR_ES_SALAAM;DODOMA_REGION;GEITA_REGION;IRINGA_REGION;KAGERA_REGION;KATAVI_REGION;KIGOMA_REGION;KILIMANJARO_REGION;LINDI_REGION;MANYARA_REGION;MARA_REGION;MBEYA_REGION;MOROGORO_REGION;MTWARA_REGION;MWANZA_REGION;NJOMBE_REGION;PWANI_REGION;RUKWA_REGION;RUVUMA_REGION;SHINYANGA_REGION;SIMIYU_REGION;SINGIDA_REGION;TABORA_REGION;TANGA_REGION "G:\CENSUS_2012\TANZANIA NEW REGIONS\MIKOA NEW DISSORVED\TANZANIA_REGION_2012.shp" "DISTRICT 'DISTRICT' true true false 30 Text 0 0 ,First,#,ARUSHA_REGION,DISTRICT,-1,-1,DAR_ES_SALAAM,DISTRICT,-1,-1,DODOMA_REGION,DISTRICT,-1,-1,GEITA_REGION,DISTRICT,-1,-1,IRINGA_REGION,DISTRICT,-1,-1,KAGERA_REGION,DISTRICT,-1,-1,KATAVI_REGION,DISTRICT,-1,-1,KIGOMA_REGION,DISTRICT,-1,-1,KILIMANJARO_REGION,DISTRICT,-1,-1,LINDI_REGION,DISTRICT,-1,-1,MANYARA_REGION,DISTRICT,-1,-1,MARA_REGION,DISTRICT,-1,-1,MBEYA_REGION,DISTRICT,-1,-1,MOROGORO_REGION,DISTRICT,-1,-1,MTWARA_REGION,DISTRICT,-1,-1,MWANZA_REGION,DISTRICT,-1,-1,NJOMBE_REGION,DISTRICT,-1,-1,PWANI_REGION,DISTRICT,-1,-1,RUKWA_REGION,DISTRICT,-1,-1,RUVUMA_REGION,DISTRICT,-1,-1,SHINYANGA_REGION,DISTRICT,-1,-1,SIMIYU_REGION,DISTRICT,-1,-1,SINGIDA_REGION,DISTRICT,-1,-1,TABORA_REGION,DISTRICT,-1,-1,TANGA_REGION,DISTRICT,-1,-1;REGION 'REGION' true true false 50 Text 0 0 ,First,#,ARUSHA_REGION,REGION,-1,-1,DAR_ES_SALAAM,REGION,-1,-1,DODOMA_REGION,REGION,-1,-1,GEITA_REGION,REGION,-1,-1,IRINGA_REGION,REGION,-1,-1,KAGERA_REGION,REGION,-1,-1,KATAVI_REGION,REGION,-1,-1,KIGOMA_REGION,REGION,-1,-1,KILIMANJARO_REGION,REGION,-1,-1,LINDI_REGION,REGION,-1,-1,MANYARA_REGION,REGION,-1,-1,MARA_REGION,REGION,-1,-1,MBEYA_REGION,REGION,-1,-1,MOROGORO_REGION,REGION,-1,-1,MTWARA_REGION,REGION,-1,-1,MWANZA_REGION,REGION,-1,-1,NJOMBE_REGION,REGION,-1,-1,PWANI_REGION,REGION,-1,-1,RUKWA_REGION,REGION,-1,-1,RUVUMA_REGION,REGION,-1,-1,SHINYANGA_REGION,REGION,-1,-1,SIMIYU_REGION,REGION,-1,-1,SINGIDA_REGION,REGION,-1,-1,TABORA_REGION,REGION,-1,-1,TANGA_REGION,REGION,-1,-1"</Process><Process ToolSource="C:\Program Files (x86)\ArcGIS\ArcToolbox\Toolboxes\Data Management Tools.tbx\Dissolve" Date="20121203" Time="143455">Dissolve TANZANIA_REGION_2012 "G:\CENSUS_2012\TANZANIA NEW REGIONS\MIKOA NEW DISSORVED\TANZANIA_REGION_2012_NEW.shp" REGION # MULTI_PART DISSOLVE_LINES</Process></lineage></DataProperties><MetaID>{E3F90435-FBAB-49A7-A6BD-5C78F9BDF052}</MetaID></Esri><idinfo><native Sync="TRUE">Microsoft Windows Vista Version 6.1 (Build 7601) Service Pack 1; ESRI ArcCatalog 9.3.0.1770</native><descript><langdata Sync="TRUE">en</langdata><abstract>REQUIRED: A brief narrative summary of the data set.</abstract><purpose>REQUIRED: A summary of the intentions with which the data set was developed.</purpose></descript><citation><citeinfo><origin>REQUIRED: The name of an organization or individual that developed the data set.</origin><pubdate>REQUIRED: The date when the data set is published or otherwise made available for release.</pubdate><title Sync="TRUE">TANZANIA_REGION_2012_NEW</title><ftname Sync="TRUE">TANZANIA_REGION_2012_NEW</ftname><geoform Sync="TRUE">vector digital data</geoform><onlink Sync="TRUE"></onlink></citeinfo></citation><timeperd><current>REQUIRED: The basis on which the time period of content information is determined.</current><timeinfo><sngdate><caldate>REQUIRED: The year (and optionally month, or month and day) for which the data set corresponds to the ground.</caldate></sngdate></timeinfo></timeperd><status><progress>REQUIRED: The state of the data set.</progress><update>REQUIRED: The frequency with which changes and additions are made to the data set after the initial data set is completed.</update></status><spdom><bounding><westbc Sync="TRUE">REQUIRED: Western-most coordinate of the limit of coverage expressed in longitude.</westbc><eastbc Sync="TRUE">REQUIRED: Eastern-most coordinate of the limit of coverage expressed in longitude.</eastbc><northbc Sync="TRUE">REQUIRED: Northern-most coordinate of the limit of coverage expressed in latitude.</northbc><southbc Sync="TRUE">REQUIRED: Southern-most coordinate of the limit of coverage expressed in latitude.</southbc></bounding></spdom><keywords><theme><themekt>REQUIRED: Reference to a formally registered thesaurus or a similar authoritative source of theme keywords.</themekt><themekey>REQUIRED: Common-use word or phrase used to describe the subject of the data set.</themekey></theme></keywords><accconst>REQUIRED: Restrictions and legal prerequisites for accessing the data set.</accconst><useconst>REQUIRED: Restrictions and legal prerequisites for using the data set after access is granted.</useconst><natvform Sync="TRUE">Shapefile</natvform></idinfo><dataIdInfo><envirDesc Sync="TRUE">Microsoft Windows Vista Version 6.1 (Build 7601) Service Pack 1; ESRI ArcCatalog 9.3.0.1770</envirDesc><dataLang><languageCode Sync="TRUE" value="en"></languageCode></dataLang><idCitation><resTitle Sync="TRUE">TANZANIA_REGION_2012_NEW</resTitle><presForm><PresFormCd Sync="TRUE" value="005"></PresFormCd></presForm></idCitation><spatRpType><SpatRepTypCd Sync="TRUE" value="001"></SpatRepTypCd></spatRpType></dataIdInfo><metainfo><langmeta Sync="TRUE">en</langmeta><metstdn Sync="TRUE">FGDC Content Standards for Digital Geospatial Metadata</metstdn><metstdv Sync="TRUE">FGDC-STD-001-1998</metstdv><mettc Sync="TRUE">local time</mettc><metc><cntinfo><cntorgp><cntper>REQUIRED: The person responsible for the metadata information.</cntper><cntorg>REQUIRED: The organization responsible for the metadata information.</cntorg></cntorgp><cntaddr><addrtype>REQUIRED: The mailing and/or physical address for the organization or individual.</addrtype><city>REQUIRED: The city of the address.</city><state>REQUIRED: The state or province of the address.</state><postal>REQUIRED: The ZIP or other postal code of the address.</postal></cntaddr><cntvoice>REQUIRED: The telephone number by which individuals can speak to the organization or individual.</cntvoice></cntinfo></metc><metd Sync="TRUE">20121203</metd><metextns><onlink Sync="TRUE">http://www.esri.com/metadata/esriprof80.html</onlink><metprof Sync="TRUE">ESRI Metadata Profile</metprof></metextns></metainfo><mdLang><languageCode Sync="TRUE" value="en"></languageCode></mdLang><mdStanName Sync="TRUE">ISO 19115 Geographic Information - Metadata</mdStanName><mdStanVer Sync="TRUE">DIS_ESRI1.0</mdStanVer><mdChar><CharSetCd Sync="TRUE" value="004"></CharSetCd></mdChar><mdHrLv><ScopeCd Sync="TRUE" value="005"></ScopeCd></mdHrLv><mdHrLvName Sync="TRUE">dataset</mdHrLvName><distinfo><resdesc Sync="TRUE">Downloadable Data</resdesc><stdorder><digform><digtinfo><transize Sync="TRUE">0.000</transize><dssize Sync="TRUE">0.000</dssize></digtinfo></digform></stdorder></distinfo><distInfo><distributor><distorTran><onLineSrc><orDesc Sync="TRUE">002</orDesc><linkage Sync="TRUE">file://</linkage><protocol Sync="TRUE">Local Area Network</protocol></onLineSrc><transSize Sync="TRUE">0.000</transSize></distorTran><distorFormat><formatName Sync="TRUE">Shapefile</formatName></distorFormat></distributor></distInfo><spdoinfo><direct Sync="TRUE">Vector</direct><ptvctinf><esriterm Name="TANZANIA_REGION_2012_NEW"><efeatyp Sync="TRUE">Simple</efeatyp><efeageom Sync="TRUE">Polygon</efeageom><esritopo Sync="TRUE">FALSE</esritopo><efeacnt Sync="TRUE">0</efeacnt><spindex Sync="TRUE">FALSE</spindex><linrefer Sync="TRUE">FALSE</linrefer></esriterm><sdtsterm Name="TANZANIA_REGION_2012_NEW"><sdtstype Sync="TRUE">G-polygon</sdtstype><ptvctcnt Sync="TRUE">0</ptvctcnt></sdtsterm></ptvctinf></spdoinfo><spatRepInfo><VectSpatRep><topLvl><TopoLevCd Sync="TRUE" value="001"></TopoLevCd></topLvl><geometObjs Name="TANZANIA_REGION_2012_NEW"><geoObjTyp><GeoObjTypCd Sync="TRUE" value="001"></GeoObjTypCd></geoObjTyp><geoObjCnt Sync="TRUE">0</geoObjCnt></geometObjs></VectSpatRep></spatRepInfo><eainfo><detailed Name="TANZANIA_REGION_2012_NEW"><enttyp><enttypl Sync="TRUE">TANZANIA_REGION_2012_NEW</enttypl><enttypt Sync="TRUE">Feature Class</enttypt><enttypc Sync="TRUE">0</enttypc></enttyp><attr><attrlabl Sync="TRUE">FID</attrlabl><attalias Sync="TRUE">FID</attalias><attrtype Sync="TRUE">OID</attrtype><attwidth Sync="TRUE">4</attwidth><atprecis Sync="TRUE">0</atprecis><attscale Sync="TRUE">0</attscale><attrdef Sync="TRUE">Internal feature number.</attrdef><attrdefs Sync="TRUE">ESRI</attrdefs><attrdomv><udom Sync="TRUE">Sequential unique whole numbers that are automatically generated.</udom></attrdomv></attr><attr><attrlabl Sync="TRUE">Shape</attrlabl><attalias Sync="TRUE">Shape</attalias><attrtype Sync="TRUE">Geometry</attrtype><attwidth Sync="TRUE">0</attwidth><atprecis Sync="TRUE">0</atprecis><attscale Sync="TRUE">0</attscale><attrdef Sync="TRUE">Feature geometry.</attrdef><attrdefs Sync="TRUE">ESRI</attrdefs><attrdomv><udom Sync="TRUE">Coordinates defining the features.</udom></attrdomv></attr><attr><attrlabl Sync="TRUE">REGION</attrlabl><attalias Sync="TRUE">REGION</attalias><attrtype Sync="TRUE">String</attrtype><attwidth Sync="TRUE">50</attwidth></attr></detailed></eainfo><mdDateSt Sync="TRUE">20121203</mdDateSt><dataqual><lineage><procstep><procdesc Sync="TRUE">Dataset copied.</procdesc><srcused Sync="TRUE"></srcused><procdate Sync="TRUE">20120618</procdate><proctime Sync="TRUE">16171400</proctime></procstep><procstep><procdesc Sync="TRUE">Dataset copied.</procdesc><srcused Sync="TRUE"></srcused><procdate Sync="TRUE">20121130</procdate><proctime Sync="TRUE">08572400</proctime></procstep><procstep><procdesc Sync="TRUE">Dataset copied.</procdesc><srcused Sync="TRUE"></srcused><procdate Sync="TRUE">20130626</procdate><proctime Sync="TRUE">10571500</proctime></procstep></lineage></dataqual><spref><horizsys><cordsysn><geogcsn Sync="TRUE">GCS_WGS_1984</geogcsn></cordsysn><geograph><geogunit Sync="TRUE">Decimal degrees</geogunit><latres Sync="TRUE">0.000000</latres><longres Sync="TRUE">0.000000</longres></geograph><geodetic><horizdn Sync="TRUE">D_WGS_1984</horizdn><ellips Sync="TRUE">WGS_1984</ellips><semiaxis Sync="TRUE">6378137.000000</semiaxis><denflat Sync="TRUE">298.257224</denflat></geodetic></horizsys></spref><refSysInfo><RefSystem><refSysID><identCode Sync="TRUE">GCS_WGS_1984</identCode></refSysID></RefSystem></refSysInfo></metadata>
